{"$schema":"http://schema.management.azure.com/schemas/2015-01-01/deploymentTemplate.json#","contentVersion":"1.0.0.0","parameters":{"ProjectTaxi":{"type":"string"},"TaxiWarehouse":{"type":"string"}},"variables":{},"resources":[{"name":"pl_stg_lookup","type":"pipelines","apiVersion":"2018-06-01","properties":{"activities":[{"name":"Copy Lookup Table","type":"Copy","dependsOn":[],"policy":{"timeout":"0.12:00:00","retry":0,"retryIntervalInSeconds":30,"secureOutput":false,"secureInput":false},"typeProperties":{"source":{"type":"DelimitedTextSource","storeSettings":{"type":"LakehouseReadSettings","recursive":true,"enablePartitionDiscovery":false},"formatSettings":{"type":"DelimitedTextReadSettings"},"datasetSettings":{"annotations":[],"linkedService":{"name":"ProjectTaxi","properties":{"annotations":[],"type":"Lakehouse","typeProperties":{"workspaceId":"eaeb229f-ff18-43f5-b13c-d48378b321dd","artifactId":"[parameters('ProjectTaxi')]","rootFolder":"Files"}}},"type":"DelimitedText","typeProperties":{"location":{"type":"LakehouseLocation","fileName":"taxi_zone_lookup.csv","folderPath":"nyctaxi_lookup_zones"},"columnDelimiter":",","escapeChar":"\\","firstRowAsHeader":true,"quoteChar":"\""},"schema":[]}},"sink":{"type":"DataWarehouseSink","allowCopyCommand":true,"copyCommandSettings":{},"tableOption":"autoCreate","datasetSettings":{"annotations":[],"linkedService":{"name":"TaxiWarehouse","properties":{"annotations":[],"type":"DataWarehouse","typeProperties":{"endpoint":"qlbua4xto7vefflwg4ex3m3c2a-t4rox2qy772uhmj42sbxrmzb3u.datawarehouse.fabric.microsoft.com","artifactId":"[parameters('TaxiWarehouse')]","workspaceId":"eaeb229f-ff18-43f5-b13c-d48378b321dd"}}},"type":"DataWarehouseTable","schema":[],"typeProperties":{"schema":"stg","table":"taxi_zone_lookup"}}},"enableStaging":true,"translator":{"type":"TabularTranslator","typeConversion":true,"typeConversionSettings":{"allowDataTruncation":true,"treatBooleanAsNumber":false}}}}],"lastModifiedByObjectId":"3f818326-426b-4a7c-baa8-16b11e271193","lastPublishTime":"2025-04-07T18:03:01Z"},"dependsOn":[]}]}