{"$schema":"http://schema.management.azure.com/schemas/2015-01-01/deploymentTemplate.json#","contentVersion":"1.0.0.0","parameters":{"TaxiWarehouse":{"type":"string"}},"variables":{},"resources":[{"name":"pl_pres_processing_nyctaxi","type":"pipelines","apiVersion":"2018-06-01","properties":{"activities":[{"name":"Process to Presentation","type":"RefreshDataflow","state":"Inactive","onInactiveMarkAs":"Succeeded","dependsOn":[],"policy":{"timeout":"0.12:00:00","retry":0,"retryIntervalInSeconds":30,"secureOutput":false,"secureInput":false},"typeProperties":{"dataflowId":"16353f59-a80c-428d-8d95-1c9d7978b4c6","workspaceId":"eaeb229f-ff18-43f5-b13c-d48378b321dd","notifyOption":"NoNotification","dataflowType":"Dataflow-Gen2"}},{"name":"SP Loading Presentation Metadata","type":"SqlServerStoredProcedure","dependsOn":[{"activity":"Process to Presentation","dependencyConditions":["Succeeded"]},{"activity":"SP Processing to Presentation","dependencyConditions":["Succeeded"]}],"policy":{"timeout":"0.12:00:00","retry":0,"retryIntervalInSeconds":30,"secureOutput":false,"secureInput":false},"typeProperties":{"storedProcedureName":"[[metadata].[insert_presentation_metadata]","storedProcedureParameters":{"pipeline_run_id":{"value":{"value":"@pipeline().RunId","type":"Expression"},"type":"String"},"processed_date":{"value":{"value":"@pipeline().TriggerTime","type":"Expression"},"type":"Datetime"},"table_name":{"value":"presentation_nyctaxi_yellow","type":"String"}}},"linkedService":{"name":"TaxiWarehouse","properties":{"annotations":[],"type":"DataWarehouse","typeProperties":{"endpoint":"qlbua4xto7vefflwg4ex3m3c2a-t4rox2qy772uhmj42sbxrmzb3u.datawarehouse.fabric.microsoft.com","artifactId":"[parameters('TaxiWarehouse')]","workspaceId":"eaeb229f-ff18-43f5-b13c-d48378b321dd"}}}},{"name":"SP Processing to Presentation","type":"SqlServerStoredProcedure","dependsOn":[],"policy":{"timeout":"0.12:00:00","retry":0,"retryIntervalInSeconds":30,"secureOutput":false,"secureInput":false},"typeProperties":{"storedProcedureName":"[[dbo].[process_presentation]"},"linkedService":{"name":"TaxiWarehouse","properties":{"annotations":[],"type":"DataWarehouse","typeProperties":{"endpoint":"qlbua4xto7vefflwg4ex3m3c2a-t4rox2qy772uhmj42sbxrmzb3u.datawarehouse.fabric.microsoft.com","artifactId":"[parameters('TaxiWarehouse')]","workspaceId":"eaeb229f-ff18-43f5-b13c-d48378b321dd"}}}}],"lastModifiedByObjectId":"3f818326-426b-4a7c-baa8-16b11e271193","lastPublishTime":"2025-04-08T22:13:49Z"},"dependsOn":[]}]}