{"$schema":"http://schema.management.azure.com/schemas/2015-01-01/deploymentTemplate.json#","contentVersion":"1.0.0.0","parameters":{},"variables":{},"resources":[{"name":"pl_load_data","type":"pipelines","apiVersion":"2018-06-01","properties":{"activities":[{"name":"Loading Data to Files","description":"Carga los datos desde la web hasta el Lakehouse","type":"TridentNotebook","dependsOn":[],"policy":{"timeout":"0.12:00:00","retry":0,"retryIntervalInSeconds":30,"secureOutput":false,"secureInput":false},"typeProperties":{"notebookId":"d22a247b-1893-4b1d-855c-2796db59f875","workspaceId":"eaeb229f-ff18-43f5-b13c-d48378b321dd"}}],"lastModifiedByObjectId":"3f818326-426b-4a7c-baa8-16b11e271193","lastPublishTime":"2025-04-24T17:20:07Z"},"dependsOn":[]}]}