{"$schema":"http://schema.management.azure.com/schemas/2015-01-01/deploymentTemplate.json#","contentVersion":"1.0.0.0","parameters":{"FabricDataPipelines gerardocruz":{"type":"string"},"ProjectTaxi":{"type":"string"},"TaxiWarehouse":{"type":"string"}},"variables":{},"resources":[{"name":"pl_orchestrate_nyctaxi","type":"pipelines","apiVersion":"2018-06-01","properties":{"activities":[{"name":"Invoke Staging Pipeline","type":"InvokePipeline","dependsOn":[],"policy":{"timeout":"0.12:00:00","retry":0,"retryIntervalInSeconds":30,"secureOutput":false,"secureInput":false},"typeProperties":{"waitOnCompletion":true,"operationType":"InvokeFabricPipeline","pipelineId":"79860626-9818-4b35-a982-e865e106cacb","workspaceId":"eaeb229f-ff18-43f5-b13c-d48378b321dd","parameters":{}},"externalReferences":{"connection":"[parameters('FabricDataPipelines gerardocruz')]"}},{"name":"Invoke PresentationPipeline","type":"InvokePipeline","dependsOn":[{"activity":"Invoke Staging Pipeline","dependencyConditions":["Succeeded"]}],"policy":{"timeout":"0.12:00:00","retry":0,"retryIntervalInSeconds":30,"secureOutput":false,"secureInput":false},"typeProperties":{"waitOnCompletion":true,"operationType":"InvokeFabricPipeline","pipelineId":"bdfce410-7ea9-4dc6-a019-858e76015573","workspaceId":"eaeb229f-ff18-43f5-b13c-d48378b321dd","parameters":{}},"externalReferences":{"connection":"[parameters('FabricDataPipelines gerardocruz')]"}}],"lastModifiedByObjectId":"3f818326-426b-4a7c-baa8-16b11e271193","lastPublishTime":"2025-04-07T23:03:27Z"},"dependsOn":[]},{"name":"pl_stg_processing_nyctaxi","type":"pipelines","apiVersion":"2018-06-01","properties":{"activities":[{"name":"Copy to Staging","type":"Copy","dependsOn":[{"activity":"v_date","dependencyConditions":["Succeeded"]}],"policy":{"timeout":"0.12:00:00","retry":0,"retryIntervalInSeconds":30,"secureOutput":false,"secureInput":false},"typeProperties":{"source":{"type":"ParquetSource","storeSettings":{"type":"LakehouseReadSettings","recursive":true,"enablePartitionDiscovery":false},"formatSettings":{"type":"ParquetReadSettings"},"datasetSettings":{"annotations":[],"linkedService":{"name":"ProjectTaxi","properties":{"annotations":[],"type":"Lakehouse","typeProperties":{"workspaceId":"eaeb229f-ff18-43f5-b13c-d48378b321dd","artifactId":"[parameters('ProjectTaxi')]","rootFolder":"Files"}}},"type":"Parquet","typeProperties":{"location":{"type":"LakehouseLocation","fileName":{"value":"@concat('yellow_tripdata_',variables('v_date'), '.parquet')","type":"Expression"},"folderPath":"nyctaxi_yellow"},"compressionCodec":"snappy"},"schema":[]}},"sink":{"type":"DataWarehouseSink","preCopyScript":"delete from stg.nyctaxi_yellow","allowCopyCommand":true,"copyCommandSettings":{},"disableMetricsCollection":false,"datasetSettings":{"annotations":[],"linkedService":{"name":"TaxiWarehouse","properties":{"annotations":[],"type":"DataWarehouse","typeProperties":{"endpoint":"qlbua4xto7vefflwg4ex3m3c2a-t4rox2qy772uhmj42sbxrmzb3u.datawarehouse.fabric.microsoft.com","artifactId":"[parameters('TaxiWarehouse')]","workspaceId":"eaeb229f-ff18-43f5-b13c-d48378b321dd"}}},"type":"DataWarehouseTable","schema":[],"typeProperties":{"schema":"stg","table":"nyctaxi_yellow"}}},"enableStaging":true,"translator":{"type":"TabularTranslator","typeConversion":true,"typeConversionSettings":{"allowDataTruncation":true,"treatBooleanAsNumber":false}}}},{"name":"SP Removing Outlier Dates","type":"SqlServerStoredProcedure","dependsOn":[{"activity":"v_end_date","dependencyConditions":["Succeeded"]}],"policy":{"timeout":"0.12:00:00","retry":0,"retryIntervalInSeconds":30,"secureOutput":false,"secureInput":false},"typeProperties":{"storedProcedureName":"[[stg].[data_cleaning_stg]","storedProcedureParameters":{"end_date":{"value":{"value":"@variables('v_end_date')","type":"Expression"},"type":"Datetime"},"start_date":{"value":{"value":"@concat(variables('v_date'),'-01')","type":"Expression"},"type":"Datetime"}}},"linkedService":{"name":"TaxiWarehouse","properties":{"annotations":[],"type":"DataWarehouse","typeProperties":{"endpoint":"qlbua4xto7vefflwg4ex3m3c2a-t4rox2qy772uhmj42sbxrmzb3u.datawarehouse.fabric.microsoft.com","artifactId":"[parameters('TaxiWarehouse')]","workspaceId":"eaeb229f-ff18-43f5-b13c-d48378b321dd"}}}},{"name":"v_end_date","type":"SetVariable","dependsOn":[{"activity":"Copy to Staging","dependencyConditions":["Succeeded"]}],"policy":{"secureOutput":false,"secureInput":false},"typeProperties":{"variableName":"v_end_date","value":{"value":"@addToTime(concat(variables('v_date'), '-01'), 1, 'Month')","type":"Expression"}}},{"name":"SP Loading Staging Metadata","type":"SqlServerStoredProcedure","dependsOn":[{"activity":"SP Removing Outlier Dates","dependencyConditions":["Succeeded"]}],"policy":{"timeout":"0.12:00:00","retry":0,"retryIntervalInSeconds":30,"secureOutput":false,"secureInput":false},"typeProperties":{"storedProcedureName":"[[metadata].[insert_staging_metadata]","storedProcedureParameters":{"pipeline_run_id":{"value":{"value":"@pipeline().RunId","type":"Expression"},"type":"String"},"processed_date":{"value":{"value":"@pipeline().TriggerTime","type":"Expression"},"type":"DateTime"},"table_name":{"value":"staging_nyctaxi_yellow","type":"String"}}},"linkedService":{"name":"TaxiWarehouse","properties":{"annotations":[],"type":"DataWarehouse","typeProperties":{"endpoint":"qlbua4xto7vefflwg4ex3m3c2a-t4rox2qy772uhmj42sbxrmzb3u.datawarehouse.fabric.microsoft.com","artifactId":"[parameters('TaxiWarehouse')]","workspaceId":"eaeb229f-ff18-43f5-b13c-d48378b321dd"}}}},{"name":"Latest Processed Data","type":"Script","dependsOn":[],"policy":{"timeout":"0.12:00:00","retry":0,"retryIntervalInSeconds":30,"secureOutput":false,"secureInput":false},"linkedService":{"name":"TaxiWarehouse","properties":{"annotations":[],"type":"DataWarehouse","typeProperties":{"endpoint":"qlbua4xto7vefflwg4ex3m3c2a-t4rox2qy772uhmj42sbxrmzb3u.datawarehouse.fabric.microsoft.com","artifactId":"[parameters('TaxiWarehouse')]","workspaceId":"eaeb229f-ff18-43f5-b13c-d48378b321dd"}}},"typeProperties":{"scripts":[{"type":"Query","text":{"value":"SELECT TOP 1 latest_processed_pickup FROM metadata.processing_log\n\nWHERE table_processed = 'staging_nyctaxi_yellow'\n\nORDER BY latest_processed_pickup DESC;","type":"Expression"}}],"scriptBlockExecutionTimeout":"02:00:00"}},{"name":"v_date","type":"SetVariable","dependsOn":[{"activity":"Latest Processed Data","dependencyConditions":["Succeeded"]}],"policy":{"secureOutput":false,"secureInput":false},"typeProperties":{"variableName":"v_date","value":{"value":"@formatDateTime(addToTime(activity('Latest Processed Data').output.resultSets[0].rows[0].latest_processed_pickup, 1 ,'Month'), 'yyyy-MM')","type":"Expression"}}}],"variables":{"v_date":{"type":"String","defaultValue":"2024-01"},"v_end_date":{"type":"String"}},"lastModifiedByObjectId":"3f818326-426b-4a7c-baa8-16b11e271193","lastPublishTime":"2025-04-09T16:43:19Z"},"dependsOn":[]},{"name":"pl_pres_processing_nyctaxi","type":"pipelines","apiVersion":"2018-06-01","properties":{"activities":[{"name":"Process to Presentation","type":"RefreshDataflow","state":"Inactive","onInactiveMarkAs":"Succeeded","dependsOn":[],"policy":{"timeout":"0.12:00:00","retry":0,"retryIntervalInSeconds":30,"secureOutput":false,"secureInput":false},"typeProperties":{"dataflowId":"16353f59-a80c-428d-8d95-1c9d7978b4c6","workspaceId":"eaeb229f-ff18-43f5-b13c-d48378b321dd","notifyOption":"NoNotification","dataflowType":"Dataflow-Gen2"}},{"name":"SP Loading Presentation Metadata","type":"SqlServerStoredProcedure","dependsOn":[{"activity":"Process to Presentation","dependencyConditions":["Succeeded"]},{"activity":"SP Processing to Presentation","dependencyConditions":["Succeeded"]}],"policy":{"timeout":"0.12:00:00","retry":0,"retryIntervalInSeconds":30,"secureOutput":false,"secureInput":false},"typeProperties":{"storedProcedureName":"[[metadata].[insert_presentation_metadata]","storedProcedureParameters":{"pipeline_run_id":{"value":{"value":"@pipeline().RunId","type":"Expression"},"type":"String"},"processed_date":{"value":{"value":"@pipeline().TriggerTime","type":"Expression"},"type":"Datetime"},"table_name":{"value":"presentation_nyctaxi_yellow","type":"String"}}},"linkedService":{"name":"TaxiWarehouse","properties":{"annotations":[],"type":"DataWarehouse","typeProperties":{"endpoint":"qlbua4xto7vefflwg4ex3m3c2a-t4rox2qy772uhmj42sbxrmzb3u.datawarehouse.fabric.microsoft.com","artifactId":"[parameters('TaxiWarehouse')]","workspaceId":"eaeb229f-ff18-43f5-b13c-d48378b321dd"}}}},{"name":"SP Processing to Presentation","type":"SqlServerStoredProcedure","dependsOn":[],"policy":{"timeout":"0.12:00:00","retry":0,"retryIntervalInSeconds":30,"secureOutput":false,"secureInput":false},"typeProperties":{"storedProcedureName":"[[dbo].[process_presentation]"},"linkedService":{"name":"TaxiWarehouse","properties":{"annotations":[],"type":"DataWarehouse","typeProperties":{"endpoint":"qlbua4xto7vefflwg4ex3m3c2a-t4rox2qy772uhmj42sbxrmzb3u.datawarehouse.fabric.microsoft.com","artifactId":"[parameters('TaxiWarehouse')]","workspaceId":"eaeb229f-ff18-43f5-b13c-d48378b321dd"}}}}],"lastModifiedByObjectId":"3f818326-426b-4a7c-baa8-16b11e271193","lastPublishTime":"2025-04-08T22:13:49Z"},"dependsOn":[]}]}